0,0
0.0016887609874599776,0
0.003377521974919956,-7.7037197775489434E-34
0.0050662829623799328,0
0.0067550439498399121,0
0.00844380493729989,-4.9303806576313238E-32
0.010132565924759866,-9.8607613152626476E-32
0.011821326912219843,0
0.013510087899679821,0
0.015198848887139798,0
0.016887609874599779,0
0.018576370862059755,1.0097419586828951E-28
0.020265131849519735,-4.0389678347315804E-28
0.021953892836979707,0
0.023642653824439683,7.99544196635694E-11
0.025331414811899648,3.3406309888112535E-10
0.02702017579935953,9.1172926009073274E-10
0.028708954963740985,2.0340673367533073E-09
0.030397717020430468,4.0128458383934977E-09
0.032086479077117931,7.2720493515575494E-09
0.0337752411338008,1.2371840083762188E-08
0.035464003190473867,2.0035050188258869E-08
0.0371527652471274,3.117609252816536E-08
0.038841527303743892,4.6932169922598461E-08
0.040530289360293174,6.86965778992124E-08
0.042219051416725092,9.8153831060163164E-08
0.04390781347295878,1.3731630727180958E-07
0.0455965755288675,1.8856209406002069E-07
0.047285337584257472,2.5467372291493851E-07
0.048974099638839155,3.3887749346581707E-07
0.050662861692188761,4.4488313537329831E-07
0.052351623743697659,5.7692362621878171E-07
0.05404038579250673,7.3979505498995181E-07
0.055729147837422777,9.38896489027965E-07
0.057417909876812681,1.1802698409637274E-06
0.059106671908471631,1.4706397356420795E-06
0.060795433929460407,1.8174533767512143E-06
0.062484195935906525,2.2289203971002321E-06
0.064172957922763132,2.7140526165339353E-06
0.065861719883519562,3.2827035625775997E-06
0.067550481809856192,3.9456075351596885E-06
0.069239243691236241,4.7144179363084928E-06
0.0709280055144263,5.6017445556776222E-06
0.072616767262937226,6.6211894959005662E-06
0.074305528916376581,7.7873814248282031E-06
0.075994290449703045,9.1160078626472657E-06
0.077683051832373687,1.062384526352424E-05
0.079371813027374685,1.2328786724816482E-05
0.081060573990124965,1.4249867232411164E-05
0.082749334667243754,1.64072864087235E-05
0.084438094995171645,1.8822428757071853E-05
0.086126854898635308,2.1517881402035451E-05
0.087815614288946908,2.4517449329011745E-05
0.089504373062128134,2.7846168146309438E-05
0.091193131096849955,3.1530314443809245E-05
0.092881888252179273,3.5597413895226691E-05
0.0945706443651234,4.0076247326721332E-05
0.096259399247963409,4.4996855033363489E-05
0.097948152685367385,5.0390539653046347E-05
0.099636904431274709,5.6289867913350329E-05
0.10132565420554172,6.2728671563090782E-05
0.10301440169033953,6.9742047777550048E-05
0.10470314652629406,7.7366359272800831E-05
0.10639188830835877,8.5639234291441917E-05
0.10808062658141,9.4599566552326585E-05
0.10976936083555577,0.00010428751519087237
0.11145809050114847,0.00011474450469009044
0.11314681494349152,0.00012601322480117972
0.11483553345723109,0.00013813763045240137
0.11652424526042345,0.00015116294163669054
0.11821294948826833,0.00016513564321778151
0.11990164518650125,0.00018010348452573757
0.12159033130443721,0.00019611547853968858
0.12327900668766052,0.00021322190038930707
0.12496767007035918,0.00023147428486856191
0.12665632006730018,0.00025092542264419155
0.12834495516544975,0.00027162935484203115
0.1300335737152398,0.00029364136570903475
0.13172217392148886,0.00031701797309265268
0.13341075383398374,0.00034181691654893272
0.13509931133773284,0.00036809714296740735
0.13678784414290157,0.00039591878966491168
0.13847634977444445,0.000425343164935304
0.14016482556144755,0.00045643272605134887
0.14185326862620071,0.00048925105471753726
0.14354167587301872,0.00052386282998674084
0.14523004397683309,0.00056033379869653685
0.1469183693715764,0.00059873074355028429
0.14860664823838149,0.000639121449044877
0.15029487649361559,0.00068157466551195978
0.15198304977677149,0.00072616007157526893
0.15367116343823289,0.00077294823533652877
0.15535921252693422,0.0008220105746010335
0.15704719177793211,0.00087341931643776776
0.15873509559990667,0.00092724745632302957
0.16042291806261064,0.00098356871704611583
0.16211065288428755,0.001042457507484437
0.16379829341908111,0.0011039888812872313
0.1654858326444589,0.0011682384954686106
0.16717326314867734,0.0012352825689073681
0.16886057711830976,0.0013051978407513135
0.17054776632586602,0.0013780615287400362
0.17223482211752444,0.0014539512875199612
0.17392173540099498,0.0015329451670946419
0.17560849663352784,0.0016151215716269647
0.17729509581007508,0.0017005592188704067
0.17898152245160753,0.001789337100536465
0.1806677655935838,0.0018815344439121076
0.18235381377456406,0.001977230675037976
0.18403965502495478,0.0020765053837369313
0.18572527685586998,0.0021794382907307664
0.18741066624809305,0.0022861092170093542
0.189095809641122,0.0023965980555409154
0.19078069292228336,0.0025109847453540905
0.19246530141589788,0.0026293492479950932
0.19414961987247847,0.0027517715263572413
0.19583363245794061,0.0028783315258761595
0.19751732274280182,0.0030091091580636787
0.19920067369135322,0.0031441842862908118
0.2008836676511658,0.003283636709114517
0.20256628634271157,0.0034275461442071415
0.20424851084812237,0.0035759922239865481
0.20593032159997177,0.0037290544911736125
0.20761169837008636,0.0038868123941954769
0.20929262025838749,0.0040493452824313606
0.21097306568176644,0.0042167324012984866
0.21265301236299225,0.00438905288717544
0.21433243731965726,0.004566385762160478
0.21601131685315825,0.004748809928662192
0.21768962653771814,0.0049364041638200176
0.21936734120944923,0.0051292471137521327
0.22104443495545806,0.0053274172876281766
0.22272088110299659,0.0055309930515642682
0.22439665220866062,0.0057400526223380984
0.22607172004763604,0.0059546740609213557
0.22774605560299793,0.0061749352658272885
0.22941962905506258,0.0064009139662710027
0.23109240977079529,0.0066326877151399082
0.23276436629327615,0.0068703338817720228
0.23443546633123996,0.0071139296444599834
0.23610567675043875,0.0073635519710058481
0.23777496356539385,0.0076192775983783007
0.23944329193109426,0.00788118301450646
0.24111062613534964,0.00814934443754623
0.24277692959187411,0.0084238377925449689
0.24444216483417316,0.0087047386854928674
0.24610629351030372,0.0089921223747712227
0.24776927637858098,0.0092860637400125953
0.24943107330430578,0.0095866372483957765
0.25109164325758365,0.0098939169184263411
0.25275094431229594,0.010207976281312496
0.25440893364627171,0.010528888340121468
0.25606556754268689,0.010856725526974106
0.25772080139270825,0.011191559658587489
0.25937458969937988,0.011533461890494754
0.26102688608275082,0.011882502670275066
0.26267764328622506,0.012238751690118713
0.26432681318412315,0.012602277839023478
0.26597434679043785,0.012973149154857115
0.26762019426878697,0.013351432776450458
0.26926430494356962,0.013737194895816669
0.27090662731234544,0.014130500710535458
0.27254710905946045,0.014531414376325659
0.27418569707093721,0.014939998959829873
0.27582233745065421,0.015356316391640087
0.2774569755378164,0.01578042741962964
0.27908955592571161,0.016212391562724495
0.28072002248171357,0.016652267065314818
0.28234831836847452,0.017100110852574544
0.28397438606622144,0.017555978486998892
0.28559816739606003,0.018019924126483268
0.28721960354417331,0.018492000484264234
0.28883863508679331,0.01897225879103091
0.29045520201582331,0.019460748759476586
0.29206924376499283,0.019957518551494781
0.29368069923644513,0.020462614748147173
0.2952895068276653,0.020976082322461106
0.29689560445867264,0.021497964615072522
0.29849892959939789,0.022028303312713486
0.30009941929716449,0.022567138429539387
0.30169701020419726,0.023114508291280811
0.30329163860508906,0.023670449522169245
0.30488324044417714,0.024234997034523795
0.30647175135281235,0.024808184020814521
0.30805710667652886,0.025390041947950422
0.30963924150214944,0.025980600553502833
0.31121809068487472,0.026579887843561883
0.31279358887541636,0.027187930091926014
0.314365670547239,0.027804751840338475
0.31593427002397506,0.028430375899521885
0.31749932150706006,0.029064823350828377
0.31906075910361459,0.029708113548389908
0.32061851685457832,0.030360264121720902
0.32217252876308267,0.031021290978770214
0.3237227288230467,0.031691208309427961
0.3252690510479806,0.032370028589492485
0.32681142949997932,0.033057762585101819
0.32834979831887995,0.033754419357659687
0.32988409175152633,0.034460006269343972
0.3314142441810522,0.035174528989346573
0.33294019015605564,0.035897991501056443
0.33446186441950887,0.036630396110441679
0.3359792019372202,0.037371743455898852
0.33749213792566235,0.038122032519837652
0.33900060787895897,0.03888126064225244
0.34050454759483617,0.03964942353650304
0.342003893199352,0.040426515307466555
0.34349858117025273,0.041212528472148291
0.34498854835882631,0.042007453982771052
0.34647373201015363,0.04281128125231376
0.3479540697816611,0.043623998182449178
0.349429499759885,0.044445591193826614
0.35089996047535876,0.045276045258636294
0.3523653909155538,0.046115343935368328
0.35382573053583127,0.04696346940562611
0.35528091926840855,0.047820402512791155
0.35673089752938764,0.048686122802272122
0.35817560622393069,0.049560608563032661
0.35961498674969133,0.050443836870079035
0.36104898099862315,0.051335783627592
0.3624775313572966,0.052236423612398795
0.36390058070585352,0.053145730517513493
0.36531807241570324,0.054063676995530656
0.36672995034603756,0.054990234701724434
0.36813615883920431,0.055925374336764547
0.36953664271495423,0.056869065689013891
0.37093134726356558,0.05782127767638532
0.37232021823785166,0.058781978387736154
0.37370320184406292,0.05975113512377616
0.375080244731711,0.060728714437432732
0.37645129398239241,0.061714682173565183
0.37781629709773173,0.062709003507863445
0.37917520198661087,0.063711642984714836
0.38052795695189262,0.0647225645537942
0.38187451067686445,0.065741731605127474
0.383214812211637,0.066769107002385031
0.38454881095974336,0.067804653114180963
0.38587645666516462,0.068848331843189961
0.38719769939998405,0.069900104652953113
0.38851248955282175,0.070959932592311745
0.38982077781816765,0.072027776317465153
0.39112251518670166,0.073103596111687263
0.39241765293667913,0.074187351902747237
0.39370614262646064,0.075279003278084677
0.39498793608825428,0.076378509497798772
0.39626297250635989,0.0774858182185175
0.39753123131717533,0.078600911605438889
0.39879265097632194,0.079723735775238141
0.40004718436091857,0.080854248782549029
0.4012947846053353,0.0819924083947732
0.40253540510294317,0.0831381720936579
0.40376899950785605,0.0842914970768844
0.40499552173666165,0.085452340259666845
0.40621492597014308,0.086620658276361923
0.40742716665499057,0.087796407482088709
0.40863219850550336,0.088979543954359239
0.40982997650528069,0.090170023494719309
0.41102045604564075,0.091367801494496748
0.41220359251791133,0.092572833345009473
0.41337934172363805,0.093785074029856946
0.41454765974033314,0.0950044782633384
0.41570850292311556,0.096231000492144
0.41686182790634213,0.097464594897056916
0.41800759160522677,0.098705215394664772
0.419145751217451,0.099952815639081455
0.42027626422476183,0.10120734902367814
0.421399088394561,0.10246876868282472
0.42251418178148248,0.10373702749364017
0.42362149050219988,0.10501206391174431
0.4247209967219141,0.1062938573735379
0.42581264809725144,0.10758234706331948
0.42689640388831152,0.10887748481329698
0.42797222368253363,0.11017922218183088
0.42904006740768696,0.11148751044717682
0.43009989534704568,0.1128023006000145
0.43115166815680883,0.11412354333483396
0.43219534688581784,0.11545118904025514
0.43323089299761364,0.11678518778836136
0.43425826839487136,0.1181254893231341
0.43527743544620473,0.11947204304810599
0.43628835701528407,0.12082479801338776
0.43729099649213543,0.12218370290226679
0.43828531782643371,0.12354870601760615
0.43927128556256623,0.12491975526828775
0.44024886487622278,0.1262967981559357
0.44121802161226281,0.12767978176214689
0.44217872232361366,0.12906865273643309
0.44313093431098521,0.13046335728504446
0.44407462566323447,0.13186384116079436
0.44500976529827468,0.13327004965396116
0.44593632300446845,0.13468192758429545
0.44685426948248558,0.13609941929414512
0.44776357638760023,0.137522468642702
0.44866421637240711,0.13895101900137552
0.44955616312992,0.14038501325030722
0.45043939143696654,0.14182439377606806
0.45131387719772703,0.14326910247061111
0.452179597487208,0.14471908073159004
0.45303653059437315,0.14617426946416739
0.45388465606463091,0.1476346090844449
0.45472395474136285,0.14910003952463982
0.45555440880617254,0.15057050024011354
0.45637600181755006,0.15204593021833757
0.45718871874768552,0.15352626798984509
0.45799254601722827,0.15501145164117255
0.45878747152785104,0.15650141882974611
0.45957348469253262,0.15799610680064666
0.4603505764634962,0.1594954524051625
0.46111873935774683,0.1609993921210397
0.46187796748016163,0.16250786207433637
0.4626282565441005,0.16402079806277856
0.46336960388955778,0.16553813558049016
0.46410200849894295,0.16705980984394322
0.46482547101065286,0.16858575581894669
0.46553999373065547,0.1701159082484725
0.46624558064233979,0.17165020168111894
0.4669422374148976,0.17318857050001957
0.46762997141050705,0.17473094895201824
0.46830879169057155,0.17627727117695213
0.46897870902122935,0.17782747123691625
0.46963973587827856,0.17938148314542054
0.47029188645160963,0.1809392408963843
0.47093517664917117,0.18250067849293888
0.47156962410047765,0.18406572997602386
0.47219524815966113,0.18563432945275996
0.47281206990807351,0.18720641112458256
0.47342011215643776,0.18878190931512417
0.47401939944649674,0.19036075849784956
0.47460995805204931,0.19194289332347014
0.47519181597918514,0.1935282486471866
0.47576500296547586,0.19511675955582186
0.47632955047783049,0.1967083613949101
0.47688549170871886,0.1983029897958018
0.47743286157046022,0.19990058070283451
0.47797169668728623,0.20150107040060128
0.47850203538492719,0.20310439554132662
0.4790239176775386,0.20471049317233392
0.47953738525185252,0.20631930076355404
0.48004248144850481,0.20793075623500623
0.4805392512405231,0.20954479798417591
0.48102774120896874,0.21116136491320586
0.48150799951573536,0.21278039645582575
0.48198007587351638,0.21440183260393897
0.48244402151300086,0.21602561393377767
0.48289988914742521,0.2176516816315246
0.48334773293468486,0.21927997751828548
0.48378760843727536,0.22091044407428759
0.48421957258037007,0.22254302446218269
0.48464368360835963,0.22417766254934493
0.48506000104016983,0.22581430292906174
0.48546858562367406,0.22745289094053864
0.48586949928946427,0.22909337268765345
0.486262805104183,0.23073569505642938
0.48664856722354927,0.23237980573121189
0.48702685084514263,0.23402565320956098
0.48739772216097632,0.23567318681587568
0.487761248309881,0.23732235671377358
0.4881174973297247,0.23897311391724807
0.48846653810950497,0.24062541030061885
0.4888084403414123,0.24227919860729052
0.48914327447302552,0.24393443245731197
0.48947111165987833,0.24559106635372721
0.4897920237186873,0.24724905568770289
0.4901060830815735,0.24890835674241515
0.490413362751604,0.25056892669569292
0.49071393625998722,0.25223072362141785
0.49100787762522857,0.25389370648969511
0.49129526131450696,0.25555783516582559
0.49157616220745481,0.2572230704081247
0.49185065556245355,0.25888937386464911
0.49211881698549331,0.26055670806890446
0.49238072240162145,0.26222503643460487
0.492636448028994,0.26389432324956
0.49288607035553988,0.26556453366875882
0.49312966611822789,0.26723563370672265
0.49336731228485992,0.26890759022920335
0.49359908603372887,0.2705803709449362
0.49382506473417254,0.27225394439700085
0.49404532593907846,0.27392827995236263
0.49425994737766166,0.27560334779133805
0.4944690069484356,0.27727911889700213
0.49467258271237158,0.27895556504454067
0.49487075288624771,0.28063265879054949
0.4950635958361797,0.2823103734622805
0.49525119007133761,0.28398868314684045
0.49543361423783938,0.28566756268034155
0.4956109471128245,0.28734698763700656
0.49578326759870145,0.2890269343182324
0.4959506547175685,0.2907073797416112
0.49611318760580436,0.29238830162991231
0.49627094550882622,0.29406967840002679
0.49642400777601337,0.29575148915187621
0.49657245385579274,0.297433713657287
0.49671636329088537,0.29911633234883295
0.49685581571370907,0.30079932630864548
0.49699089084193621,0.30248267725719685
0.4971216684741237,0.30416636754205806
0.49724822847364264,0.30585038012752025
0.49737065075200482,0.30753469858410087
0.49748901525464573,0.30921930707771517
0.497603401944459,0.31090419035887651
0.49771389078299055,0.31258933375190567
0.49782056170926908,0.31427472314412863
0.49792349461626295,0.31596034497504383
0.49802276932496192,0.3176461862254345
0.4981184655560878,0.31933223440641473
0.49821066289946342,0.32101847754839108
0.49829944078112953,0.32270490418992342
0.498384878428373,0.32439150336647055
0.49846705483290532,0.32607826459900346
0.49854604871248,0.327765177882474
0.49862193847125991,0.32945223367413234
0.49869480215924861,0.33113942288168868
0.49876471743109257,0.33282673685132108
0.49883176150453129,0.33451416735553952
0.49889601111871273,0.33620170658091736
0.49895754249251556,0.33788934711571084
0.49901643128295392,0.33957708193738778
0.499072752543677,0.34126490440009194
0.49912658068356219,0.34295280822206653
0.49917798942539893,0.34464078747306431
0.49922705176466342,0.34632883656176577
0.49927383992842467,0.3480169502232271
0.499318425334488,0.34970512350638305
0.49936087855095512,0.35139335176161712
0.49940126925644973,0.35308163062842224
0.49943966620130342,0.35476995602316552
0.49947613717001327,0.35645832412698
0.49951074894528247,0.358146731373798
0.49954356727394855,0.35983517443855112
0.49957465683506463,0.36152365022555416
0.49960408121033506,0.363212155857097
0.49963190285703252,0.36490068866226577
0.49965818308345106,0.3665892461660149
0.4996829820269072,0.36827782607850978
0.49970635863429091,0.36996642628475906
0.4997283706451579,0.37165504483454903
0.49974907457735579,0.37334367993269846
0.49976852571513142,0.37503232992963947
0.49978677809961075,0.37672099331233821
0.4998038845214603,0.37840966869556147
0.49981989651547437,0.38009835481349752
0.49983486435678226,0.38178705051173051
0.4998488370583633,0.3834757547395754
0.4998618623695476,0.3851644665427677
0.49987398677519884,0.38685318505650734
0.49988525549530993,0.38854190949885031
0.49989571248480918,0.39023063916444306
0.49990540043344767,0.39191937341858879
0.4999143607657085,0.39360811169164012
0.49992263364072714,0.39529685347370469
0.4999302579522224,0.39698559830965935
0.49993727132843691,0.39867434579445704
0.49994371013208672,0.40036309556872418
0.49994960946034694,0.40205184731463145
0.49995500314496655,0.40374060075203533
0.49995992375267323,0.40542935563487525
0.49996440258610475,0.40711811174781953
0.49996846968555619,0.40880686890314888
0.49997215383185367,0.41049562693787073
0.499975482550671,0.412184385711052
0.49997848211859797,0.41387314510136358
0.49998117757124283,0.41556190500482726
0.49998359271359133,0.41725066533275512
0.49998575013276758,0.41893942600987405
0.49998767121327514,0.42062818697262422
0.49998937615473654,0.42231694816762527
0.49999088399213742,0.42400570955029593
0.49999221261857518,0.42569447108362252
0.4999933788105041,0.4273832327370618
0.49999439825544434,0.42907199448557265
0.49999528558206369,0.43076075630876276
0.49999605439246475,0.43244951819014266
0.49999671729643741,0.43413828011647942
0.49999728594738341,0.43582704207723566
0.49999777107960286,0.4375158040640923
0.49999818254662326,0.43920456607053848
0.49999852936026434,0.44089332809152737
0.49999881973015908,0.44258209012318628
0.49999906110351089,0.44427085216257606
0.499999260204945,0.44595961420749219
0.49999942307637379,0.44764837625630127
0.49999955511686467,0.44933713830781014
0.49999966112250654,0.45102590036115975
0.499999745326277,0.4527146624157416
0.49999981143790595,0.45440342447113141
0.49999986268369279,0.45609218652703992
0.49999990184616894,0.45778094858327356
0.49999993130342207,0.45946971063970532
0.49999995306783007,0.46115847269625476
0.49999996882390746,0.46284723475287121
0.49999997996494971,0.46453599680952462
0.49999998762815989,0.46622475886619791
0.4999999927279507,0.46791352092288074
0.49999999598715406,0.46960228297956813
0.49999999796593259,0.47129104503625757
0.49999999908827075,0.47297982420064044
0.49999999966593689,0.47466858518810034
0.49999999992004551,0.47635734617556025
0.49999999999999989,0.47804610716302021
0.49999999999999994,0.47973486815048022
0.5,0.48142362913794018
0.5,0.48311239012540019
0.5,0.48480115111286015
0.5,0.48648991210032011
0.49999999999999994,0.48817867308778012
0.49999999999999994,0.48986743407524008
0.49999999999999994,0.4915561950627001
0.49999999999999994,0.49324495605016
0.49999999999999994,0.49493371703762
0.49999999999999994,0.49662247802508
0.49999999999999994,0.49831123901254004
0.5,0.5
0.49999999999999994,0.50168876098745985
0.49999999999999994,0.50337752197491992
0.5,0.50506628296237988
0.49999999999999994,0.50675504394984
0.5,0.5084438049372999
0.5,0.51013256592475975
0.5,0.51182132691221982
0.5,0.51351008789967978
0.49999999999999994,0.51519884888713985
0.49999999999999994,0.51688760987459981
0.5,0.51857637086205965
0.5,0.52026513184951972
0.5,0.52195389283697968
0.50000000007995438,0.52364265382443964
0.500000000334063,0.52533141481189971
0.50000000091172914,0.52702017579935945
0.50000000203406736,0.52870895496373993
0.50000000401284583,0.5303977170204297
0.5000000072720493,0.532086479077117
0.50000001237184011,0.5337752411338
0.50000002003505017,0.53546400319047316
0.5000000311760926,0.53715276524712641
0.50000004693216993,0.538841527303743
0.500000068696578,0.54053028936029246
0.500000098153831,0.54221905141672389
0.50000013731630721,0.5439078134729578
0.500000188562094,0.54559657552886665
0.500000254673723,0.54728533758425668
0.50000033887749351,0.548974099638838
0.50000044488313533,0.550662861692188
0.50000057692362632,0.55235162374369684
0.500000739795055,0.554040385792506
0.50000093889648911,0.555729147837422
0.50000118026984086,0.55741790987681172
0.50000147063973566,0.55910667190847085
0.5000018174533768,0.56079543392945941
0.50000222892039725,0.5624841959359056
0.50000271405261654,0.56417295792276234
0.50000328270356253,0.56586171988351852
0.50000394560753514,0.56755048180985535
0.50000471441793637,0.56923924369123535
0.50000560174455577,0.57092800551442524
0.5000066211894959,0.5726167672629362
0.50000778738142482,0.57430552891637576
0.50000911600786269,0.57599429044970185
0.50001062384526351,0.5776830518323729
0.50001232878672486,0.57937181302737373
0.50001424986723231,0.5810605739901239
0.50001640728640862,0.582749334667243
0.50001882242875706,0.58443809499517074
0.50002151788140192,0.58612685489863436
0.50002451744932908,0.587815614288946
0.50002784616814622,0.58950437306212722
0.50003153031444381,0.59119313109684946
0.50003559741389514,0.59288188825217847
0.50004007624732671,0.594570644365123
0.50004499685503334,0.59625939924796278
0.50005039053965306,0.59794815268536672
0.50005628986791339,0.599636904431274
0.500062728671563,0.601325654205541
0.50006974204777754,0.60301440169033882
0.5000773663592728,0.60470314652629353
0.5000856392342915,0.60639188830835822
0.50009459956655233,0.60808062658140916
0.50010428751519076,0.60976936083555522
0.50011474450469,0.61145809050114774
0.5001260132248011,0.61314681494349066
0.50013813763045256,0.61483553345723063
0.50015116294163664,0.61652424526042282
0.50016513564321774,0.61821294948826766
0.50018010348452568,0.61990164518650048
0.50019611547853948,0.62159033130443653
0.50021322190038908,0.62327900668765979
0.50023147428486836,0.62496767007035836
0.500250925422644,0.62665632006729943
0.500271629354842,0.628344955165449
0.50029364136570909,0.63003357371523894
0.50031701797309269,0.63172217392148833
0.500341816916549,0.633410753833983
0.50036809714296737,0.63509931133773212
0.50039591878966483,0.63678784414290091
0.50042534316493537,0.6384763497744439
0.50045643272605123,0.64016482556144694
0.50048925105471753,0.6418532686262
0.50052386282998662,0.643541675873018
0.50056033379869647,0.64523004397683248
0.50059873074355032,0.64691836937157543
0.50063912144904488,0.64860664823838066
0.50068157466551189,0.65029487649361473
0.50072616007157533,0.65198304977677068
0.50077294823533658,0.65367116343823239
0.50082201057460107,0.65535921252693374
0.50087341931643781,0.65704719177793125
0.50092724745632289,0.658735095599906
0.500983568717046,0.66042291806260978
0.50104245750748455,0.662110652884287
0.50110398888128715,0.66379829341908048
0.50116823849546854,0.66548583264445826
0.50123528256890737,0.66717326314867653
0.50130519784075134,0.668860577118309
0.50137806152874,0.67054776632586521
0.50145395128752,0.67223482211752361
0.50153294516709468,0.67392173540099432
0.50161512157162691,0.67560849663352729
0.50170055921887036,0.67729509581007441
0.50178933710053641,0.678981522451607
0.501881534443912,0.68066776559358333
0.50197723067503808,0.68235381377456372
0.50207650538373694,0.68403965502495467
0.50217943829073075,0.68572527685586959
0.50228610921700934,0.68741066624809266
0.50239659805554093,0.68909580964112194
0.502510984745354,0.690780692922283
0.50262934924799507,0.69246530141589746
0.50275177152635719,0.69414961987247836
0.50287833152587613,0.6958336324579405
0.50300910915806363,0.697517322742802
0.50314418428629082,0.69920067369135319
0.50328363670911436,0.70088366765116572
0.50342754614420715,0.70256628634271145
0.50357599222398652,0.70424851084812223
0.50372905449117356,0.70593032159997149
0.50388681239419553,0.70761169837008631
0.50404934528243139,0.7092926202583878
0.5042167324012985,0.71097306568176633
0.50438905288717528,0.712653012362992
0.5045663857621604,0.71433243731965712
0.50474880992866211,0.716011316853158
0.50493640416382013,0.71768962653771784
0.50512924711375229,0.71936734120944923
0.5053274172876282,0.721044434955458
0.50553099305156424,0.7227208811029967
0.50574005262233812,0.72439665220866067
0.50595467406092132,0.72607172004763609
0.50617493526582724,0.72774605560299821
0.506400913966271,0.72941962905506286
0.50663268771514,0.73109240977079559
0.506870333881772,0.73276436629327613
0.50711392964446,0.73443546633123991
0.5073635519710058,0.73610567675043859
0.50761927759837844,0.73777496356539418
0.50788118301450658,0.73944329193109459
0.50814934443754622,0.74111062613534973
0.508423837792545,0.742776929591874
0.50870473868549271,0.74444216483417314
0.50899212237477121,0.74610629351030378
0.50928606374001251,0.747769276378581
0.50958663724839581,0.74943107330430581
0.50989391691842656,0.751091643257584
0.51020797628131243,0.75275094431229628
0.51052888834012156,0.75440893364627182
0.51085672552697414,0.75606556754268706
0.51119155965858754,0.75772080139270814
0.51153346189049476,0.75937458969937965
0.511882502670275,0.761026886082751
0.51223875169011879,0.76267764328622512
0.51260227783902335,0.764326813184123
0.512973149154857,0.76597434679043774
0.51335143277645046,0.7676201942687868
0.51373719489581671,0.76926430494356923
0.51413050071053534,0.770906627312345
0.51453141437632555,0.77254710905946011
0.51493999895982978,0.77418569707093676
0.51535631639164,0.77582233745065354
0.51578042741962948,0.7774569755378159
0.51621239156272436,0.77908955592571116
0.51665226706531464,0.78072002248171324
0.51710011085257435,0.78234831836847418
0.51755597848699886,0.78397438606622138
0.51801992412648323,0.7855981673960597
0.51849200048426414,0.78721960354417275
0.51897225879103071,0.78883863508679264
0.51946074875947645,0.79045520201582276
0.51995751855149464,0.79206924376499255
0.52046261474814692,0.79368069923644469
0.520976082322461,0.795289506827665
0.52149796461507236,0.79689560445867225
0.52202830331271344,0.79849892959939772
0.52256713842953939,0.80009941929716444
0.52311450829128081,0.80169701020419715
0.52367044952216912,0.80329163860508879
0.52423499703452381,0.80488324044417681
0.52480818402081442,0.80647175135281235
0.52539004194795036,0.80805710667652886
0.52598060055350271,0.80963924150214928
0.5265798878435618,0.81121809068487449
0.52718793009192622,0.81279358887541664
0.52780475184033848,0.814365670547239
0.528430375899522,0.81593427002397512
0.52906482335082827,0.81749932150705984
0.52970811354838987,0.81906075910361464
0.5303602641217211,0.82061851685457876
0.53102129097877016,0.82217252876308278
0.531691208309428,0.82372272882304653
0.53237002858949245,0.82526905104798043
0.53305776258510185,0.82681142949997921
0.53375441935765966,0.82834979831887989
0.53446000626934409,0.82988409175152655
0.53517452898934659,0.83141424418105214
0.53589799150105644,0.83294019015605569
0.53663039611044183,0.834461864419509
0.53737174345589889,0.8359792019372202
0.53812203251983781,0.83749213792566268
0.53888126064225272,0.83900060787895947
0.53964942353650325,0.8405045475948365
0.54042651530746666,0.84200389319935209
0.54121252847214829,0.84349858117025289
0.54200745398277117,0.84498854835882664
0.54281128125231393,0.84647373201015375
0.54362399818244933,0.84795406978166132
0.54444559119382663,0.84942949975988513
0.54527604525863649,0.850899960475359
0.54611534393536842,0.85236539091555386
0.54696346940562635,0.85382573053583166
0.54782040251279152,0.85528091926840888
0.54868612280227236,0.85673089752938791
0.5495606085630329,0.85817560622393119
0.55044383687007925,0.85961498674969172
0.55133578362759217,0.86104898099862337
0.55223642361239877,0.86247753135729666
0.55314573051751359,0.86390058070585363
0.55406367699553072,0.86531807241570324
0.55499023470172459,0.86672995034603773
0.55592537433676492,0.86813615883920481
0.55686906568901406,0.86953664271495457
0.55782127767638556,0.8709313472635658
0.55878197838773636,0.87232021823785189
0.5597511351237765,0.87370320184406325
0.56072871443743288,0.87508024473171109
0.56171468217356557,0.87645129398239274
0.56270900350786379,0.87781629709773223
0.56371164298471532,0.87917520198661148
0.56472256455379488,0.88052795695189345
0.56574173160512786,0.88187451067686484
0.56676910700238536,0.88321481221163756
0.56780465311418138,0.8845488109597438
0.56884833184319061,0.88587645666516524
0.56990010465295338,0.88719769939998427
0.57095993259231226,0.88851248955282214
0.5720277763174656,0.88982077781816815
0.57310359611168771,0.89112251518670216
0.57418735190274783,0.89241765293668
0.57527900327808512,0.8937061426264612
0.57637850949779956,0.894987936088255
0.57748581821851752,0.89626297250635978
0.57860091160543892,0.89753123131717527
0.57972373577523817,0.89879265097632177
0.580854248782549,0.90004718436091846
0.58199240839477318,0.90129478460533508
0.58313817209365781,0.902535405102943
0.58429149707688433,0.90376899950785583
0.58545234025966675,0.90499552173666142
0.58662065827636189,0.90621492597014286
0.58779640748208861,0.90742716665499046
0.58897954395435914,0.90863219850550325
0.59017002349471925,0.90982997650528064
0.59136780149449653,0.91102045604564075
0.59257283334500932,0.91220359251791128
0.59378507402985681,0.913379341723638
0.59500447826333824,0.914547659740333
0.59623100049214384,0.91570850292311545
0.59746459489705683,0.91686182790634208
0.5987052153946647,0.91800759160522671
0.59995281563908132,0.9191457512174509
0.601207349023678,0.92027626422476172
0.60246876868282451,0.92139908839456108
0.60373702749364,0.92251418178148248
0.60501206391174445,0.92362149050220022
0.60629385737353814,0.92472099672191432
0.60758234706331971,0.92581264809725194
0.60887748481329751,0.92689640388831207
0.61017922218183118,0.92797222368253385
0.61148751044717709,0.92904006740768719
0.612802300600015,0.93009989534704607
0.614123543334834,0.93115166815680883
0.61545118904025531,0.93219534688581807
0.61678518778836144,0.93323089299761375
0.61812548932313427,0.93425826839487147
0.61947204304810577,0.93527743544620456
0.62082479801338764,0.936288357015284
0.622183702902267,0.93729099649213565
0.62354870601760637,0.93828531782643387
0.6249197552682878,0.93927128556256623
0.62629679815593586,0.94024886487622306
0.62767978176214745,0.94121802161226309
0.62906865273643331,0.94217872232361388
0.63046335728504455,0.94313093431098527
0.63186384116079441,0.94407462566323441
0.63327004965396116,0.94500976529827474
0.63468192758429554,0.9459363230044685
0.636099419294145,0.94685426948248552
0.6375224686427019,0.94776357638760034
0.6389510190013753,0.94866421637240728
0.64038501325030706,0.94955616312992008
0.6418243937760677,0.95043939143696643
0.64326910247061075,0.951313877197727
0.64471908073158968,0.95217959748720782
0.64617426946416734,0.953036530594373
0.647634609084445,0.953884656064631
0.64910003952463979,0.95472395474136285
0.65057050024011354,0.95555440880617248
0.65204593021833723,0.95637600181755011
0.65352626798984514,0.95718871874768563
0.65501145164117225,0.95799254601722827
0.65650141882974611,0.95878747152785093
0.65799610680064657,0.95957348469253256
0.65949545240516239,0.9603505764634962
0.66099939212103975,0.96111873935774694
0.66250786207433643,0.96187796748016174
0.66402079806277869,0.96262825654410067
0.66553813558049,0.96336960388955772
0.6670598098439432,0.96410200849894312
0.66858575581894675,0.964825471010653
0.67011590824847245,0.96553999373065547
0.671650201681119,0.96624558064233979
0.67318857050001946,0.9669422374148976
0.67473094895201835,0.967629971410507
0.67627727117695213,0.9683087916905716
0.67782747123691622,0.96897870902122918
0.67938148314542046,0.96963973587827856
0.68093924089638436,0.97029188645160946
0.68250067849293883,0.97093517664917117
0.68406572997602377,0.97156962410047765
0.68563432945276015,0.9721952481596613
0.68720641112458269,0.97281206990807378
0.68878190931512451,0.97342011215643776
0.69036075849784972,0.97401939944649674
0.69194289332347059,0.97460995805204942
0.69352824864718654,0.975191815979185
0.69511675955582186,0.975765002965476
0.69670836139491044,0.97632955047783054
0.69830298979580208,0.976885491708719
0.69990058070283512,0.97743286157046039
0.70150107040060161,0.97797169668728634
0.703104395541327,0.97850203538492742
0.70471049317233425,0.97902391767753882
0.70631930076355443,0.97953738525185285
0.70793075623500679,0.98004248144850514
0.70954479798417647,0.98053925124052344
0.71116136491320669,0.981027741208969
0.71278039645582658,0.98150799951573575
0.71440183260394,0.98198007587351677
0.71602561393377839,0.98244402151300125
0.71765168163152526,0.98289988914742543
0.7192799775182861,0.98334773293468514
0.72091044407428806,0.98378760843727542
0.72254302446218344,0.98421957258037018
0.72417766254934512,0.98464368360835963
0.72581430292906235,0.98506000104017011
0.72745289094053922,0.98546858562367423
0.72909337268765406,0.98586949928946432
0.73073569505642988,0.98626280510418329
0.73237980573121242,0.98664856722354954
0.73402565320956137,0.98702685084514263
0.73567318681587612,0.98739772216097643
0.73732235671377422,0.987761248309881
0.73897311391724851,0.98811749732972465
0.74062541030061946,0.98846653810950491
0.74227919860729119,0.98880844034141224
0.74393443245731261,0.98914327447302586
0.74559106635372774,0.98947111165987844
0.74724905568770317,0.98979202371868724
0.74890835674241552,0.99010608308157344
0.75056892669569319,0.990413362751604
0.75223072362141852,0.99071393625998727
0.75389370648969556,0.99100787762522857
0.75555783516582631,0.99129526131450718
0.7572230704081252,0.99157616220745481
0.75888937386464972,0.99185065556245355
0.76055670806890452,0.99211881698549331
0.76222503643460549,0.99238072240162156
0.7638943232495603,0.99263644802899387
0.76556453366875932,0.99288607035553977
0.76723563370672343,0.99312966611822784
0.768907590229204,0.99336731228485986
0.7705803709449367,0.99359908603372882
0.77225394439700124,0.99382506473417243
0.77392827995236335,0.99404532593907868
0.77560334779133844,0.99425994737766166
0.77727911889700252,0.99446900694843565
0.77895556504454111,0.99467258271237158
0.78063265879054988,0.99487075288624793
0.78231037346228116,0.99506359583617987
0.78398868314684078,0.99525119007133767
0.78566756268034166,0.99543361423783938
0.78734698763700672,0.9956109471128245
0.78902693431823268,0.99578326759870128
0.79070737974161143,0.9959506547175685
0.79238830162991258,0.99611318760580447
0.79406967840002718,0.99627094550882622
0.79575148915187643,0.99642400777601325
0.79743371365728732,0.99657245385579285
0.79911633234883306,0.99671636329088531
0.80079932630864548,0.99685581571370907
0.8024826772571968,0.99699089084193626
0.804166367542058,0.99712166847412365
0.8058503801275203,0.99724822847364247
0.8075346985841011,0.99737065075200482
0.80921930707771561,0.99748901525464584
0.810904190358877,0.99760340194445885
0.8125893337519059,0.99771389078299055
0.81427472314412919,0.99782056170926947
0.81596034497504422,0.99792349461626306
0.817646186225435,0.99802276932496192
0.81933223440641523,0.99811846555608774
0.82101847754839163,0.99821066289946347
0.82270490418992381,0.99829944078112942
0.82439150336647138,0.99838487842837309
0.82607826459900413,0.99846705483290543
0.827765177882475,0.99854604871248
0.82945223367413323,0.9986219384712598
0.83113942288168952,0.99869480215924844
0.83282673685132191,0.99876471743109263
0.83451416735554007,0.99883176150453123
0.83620170658091808,0.99889601111871251
0.83788934711571161,0.99895754249251545
0.83957708193738856,0.99901643128295381
0.84126490440009238,0.99907275254367689
0.84295280822206708,0.99912658068356219
0.84464078747306481,0.9991779894253987
0.84632883656176627,0.99922705176466331
0.84801695022322776,0.99927383992842467
0.84970512350638372,0.99931842533448811
0.8513933517616179,0.9993608785509549
0.8530816306284229,0.99940126925644979
0.85476995602316652,0.99943966620130342
0.85645832412698064,0.99947613717001316
0.85814673137379871,0.99951074894528236
0.85983517443855151,0.99954356727394877
0.86152365022555466,0.99957465683506463
0.86321215585709787,0.99960408121033506
0.86490068866226655,0.99963190285703263
0.8665892461660154,0.999658183083451
0.86827782607851023,0.99968298202690731
0.86996642628475951,0.99970635863429091
0.87165504483454925,0.99972837064515818
0.8733436799326989,0.99974907457735585
0.87503232992964,0.99976852571513164
0.87672099331233877,0.9997867780996107
0.878409668695562,0.99980388452146041
0.88009835481349774,0.9998198965154742
0.881787050511731,0.99983486435678226
0.883475754739576,0.99984883705836336
0.885164466542768,0.99986186236954755
0.88685318505650745,0.99987398677519879
0.8885419094988507,0.99988525549531
0.89023063916444356,0.99989571248480924
0.89191937341858929,0.99990540043344778
0.89360811169164056,0.99991436076570861
0.895296853473705,0.99992263364072709
0.89698559830965963,0.99993025795222235
0.89867434579445749,0.999937271328437
0.90036309556872429,0.99994371013208672
0.90205184731463139,0.99994960946034683
0.90374060075203566,0.99995500314496666
0.90542935563487548,0.99995992375267306
0.90711811174781964,0.99996440258610475
0.908806868903149,0.99996846968555619
0.91049562693787078,0.99997215383185367
0.91218438571105187,0.999975482550671
0.91387314510136319,0.99997848211859808
0.915561905004827,0.99998117757124283
0.917250665332755,0.99998359271359127
0.91893942600987366,0.99998575013276758
0.92062818697262383,0.99998767121327525
0.92231694816762477,0.99998937615473649
0.92400570955029582,0.99999088399213731
0.92569447108362191,0.99999221261857507
0.92738323273706147,0.999993378810504
0.92907199448557221,0.99999439825544423
0.93076075630876254,0.99999528558206374
0.93244951819014266,0.99999605439246464
0.93413828011647926,0.99999671729643735
0.93582704207723566,0.99999728594738335
0.93751580406409207,0.999997771079603
0.939204566070538,0.9999981825466232
0.940893328091527,0.99999852936026434
0.94258209012318583,0.999998819730159
0.94427085216257578,0.99999906110351089
0.94595961420749219,0.999999260204945
0.94764837625630094,0.99999942307637357
0.94933713830781,0.99999955511686456
0.95102590036115964,0.9999996611225066
0.95271466241574132,0.99999974532627711
0.95440342447113113,0.999999811437906
0.95609218652703987,0.99999986268369279
0.95778094858327356,0.99999990184616894
0.95946971063970543,0.99999993130342191
0.961158472696255,0.99999995306783007
0.96284723475287171,0.99999996882390763
0.96453599680952529,0.99999997996494971
0.9662247588661983,0.99999998762815989
0.96791352092288119,0.99999999272795059
0.96960228297956863,0.999999995987154
0.97129104503625818,0.99999999796593264
0.97297982420064022,0.99999999908827064
0.97466858518810029,0.99999999966593678
0.97635734617556025,0.99999999992004562
0.97804610716302032,0.99999999999999989
0.97973486815048028,1
0.98142362913794012,0.99999999999999989
0.98311239012540019,0.99999999999999989
0.98480115111286,0.99999999999999989
0.98648991210032011,1
0.98817867308778018,0.99999999999999989
0.98986743407524,1
0.9915561950627001,1
0.99324495605015994,0.99999999999999989
0.9949337170376199,0.99999999999999989
0.99662247802508,0.99999999999999989
0.99831123901253993,0.99999999999999989
1,1
